id,label,cluster
2ebad15c-c0ef-4c04-ba98-c5d98403a90c,Sara Vilar,185
a00428a2-14a2-4fb1-838a-22394778ec88,Aurora Wells,258
ab4b5790-0e6b-43db-bbaa-8670554f0cc8,Anaïs Giacomo,215
cda2fafe-4b1e-4581-9fe0-1fb6d3e79aa3,Luna Solà.,188
624f4677-d31a-4ecf-a7de-5df7392f9579,Evelyn Winters,21
e3464b47-0c0a-41d7-9750-a21adb889205,Emily Rachel Winston,88
97a555b7-99a5-4a5e-8f47-631d5507e25a,Ruby Wynter,182
725b1704-4da0-423d-b51a-b465f2a41906,Ana Isabel Serraño.,67
14cf6a5f-7e48-49c8-9e59-522fe1178ad8,Alessandra Pérez Oliveira,267
359f324b-b3ec-4770-8a60-86493503fee4,Alessia Winston,123
7961223b-759b-43e9-b817-99f9d6878f46,Antoine Lefebvre.,187
9fe09efc-d630-48c7-9a4d-f0cf09670a13,Ava Wynter,188
b5af3cda-f580-4f90-a73a-4f13801dcc57,Sofia Rose Navarro,53
fc5ab53d-376c-495d-8c48-3baf8ecfc6ed,Ava Flynn,52
f257011d-9eab-4622-adda-02392f0fa8ca,Mariona Wells,222
57fffc51-bcc8-4c36-afbe-795295e4a009,Alejandro Vicens Rodríguez,58
22df404a-20e7-40e9-a9ad-59a743dff09f,Sofía Elena Russell.,46
50ac00ab-42d5-40ae-a7da-ad69a687b7cb,Emily Ann Welles,284
c987a232-e738-47c0-8e54-f6bfd9f2a16b,Sofia Miralbell,159
d968f665-4353-487e-9c71-520a23c808a0,Aurélia Windsor,128
2811f7b6-1730-4db2-9561-f0beeeb18620,Sofia Rodriguez,117
f77aaea7-6e9e-4fac-b919-cdddd1c11c14,Aurèlia Fleur Morelli,153
553ec5f7-34b6-4926-93de-c6f71f9b39b7,Aurora Isabella,105
45652493-3559-4233-9b9c-23010dc7f814,Anna María Garcia,22
662230f0-a069-402e-8270-5e7bce63718d,Emma Winters,87
9e3dec53-3ad8-41b8-a045-6af0fe28b9f7,Aurélien Langdon,186
e1e56330-6555-41ca-8028-18d751ce7f63,Emily Wilson,229
867ef49e-3fe3-4818-a3ce-b397615ec31a,Avery Rae Thompson,25
d1c120a3-498a-4a25-8928-f1128e31710d,Ling Wong,170
d4d98f7a-d956-4ef5-ab2c-aed24b35a045,Alexander Ryder,96
93cce408-4899-4667-ac4d-bc5dd6281e3c,Aurora Englishesi,209
2647ff5e-eb6b-4b6c-8531-08cc5587ca68,Sofía Leonhart,247
59fd3f1c-c5ef-4bb5-9e68-102f1f7f139b,Livia Maria Lluís,140
e05c2a54-1e26-4cef-b6f2-1bd03c5ad6f2,Ana Cláudia Santos Costa,127
0d017b4c-ad3e-42c3-996a-fb666a0c6066,Sofia Rosell Torrente,185
52962082-92f1-42a2-91e0-6a2f1d320739,Gisella Ricciardo,263
57853d67-cc16-4168-8a06-6ac01544d9d0,Lena Braunstein Martín.,166
37d82483-40ed-4204-9ef3-31b2dc51615d,Caterina Sureda,238
63fd3a14-22e1-4ede-a2b1-0af6a5b21aff,Lluís Ferrante,181
6183b526-45b6-4aac-b3ef-b465e4ecd2e8,Sophie Jacqueline Dubois,212
1db92d0d-8081-4d25-a390-784074289bc0,Ava Rachel Martin,41
61072249-9653-4f7e-9ef0-208caace28e8,Emily May Winston,190
2ae91168-91d2-45b8-89d4-c946e986c62d,Amara Elena Singh,168
914eabac-1b5f-4cd1-8346-8479428178b5,Sara Estela García i Rossell,13
934f7963-70c7-49e9-afe5-7b6fdf59db5b,Lorenza Rose Vincetti,27
e136439c-1902-442f-9225-504b049a8eb6,Lucas Everett Bright,168
46de10ed-1d24-4ca2-8dfb-9f11cadb0c94,Anna Isabelle Klein,267
68f4a42e-4a6b-430e-bd21-b72fa2a38a52,Lena Schnell Vallès,239
65ef7bc8-be39-4572-912d-57af6660aae4,Alessia Sophia Lane,182
a49ff930-fa28-4350-9148-5d1d0dec074b,Alejandra Leigh.,105
1ac9b4b5-8555-4a1c-bbf3-ee53c6aef4c6,Alexandra Santos,177
391f301c-f957-4825-b8a5-8c4a8333b3fb,Sofía García Navarro,228
8e90a768-41d7-4cbc-826b-9e0b3453f3d2,Ruby Windsor.,96
6d1fd41b-cdfe-4023-9ed1-30ec7ae90d0c,Alejandro Esteban Richardson,59
32ad5180-2cf7-4b28-af76-b46ef95136b6,Sara Mas,128
5b482644-34d4-447a-8c22-b26ce05da4e6,Isabella García,278
9e2962a9-29a6-49a6-afe1-1c76d7108267,Camille Renee Smith,213
4358aa8f-1efa-4049-a942-6e5ce21cf42b,Lola Béatrice Fontaine,229
84a7c3f9-d67a-47dc-8a3c-50083f169e18,Luna Sophia Wagner-Rosas,220
18b4ac00-1e7f-414d-a4da-97b294bc9226,Alessandra Fiorentina Ricci,146
11197a61-ca27-475b-a532-dda83ace50aa,Alexandra Sofia Müller,64
0bd85721-4cf5-46c0-87d3-67ea1dfe1964,Sophia Léa Langham,197
655cc24a-d7b5-4282-a960-9b6dc47c049d,Eva Schmidtenberg,141
a0474f66-3ea5-4429-9f53-976be74fd47b,Ava Welles,193
06fdb5ce-f35d-4afd-8622-9f05560b639e,Pilar Riera i Bosch,84
e154564b-8d8d-49e7-81fd-918fb0d2be17,Mercè Colomera Ferrer,119
b0c634ea-66c2-401c-8acb-94edada5c76c,Ava Winters,277
96881bee-f803-4f1a-9e1a-9ea50841b5c8,Sofia Rivera,120
9415160e-380e-4c86-8356-b7f1f8bd7bbf,Luna Faye Rivière,26
7e61f433-c44a-4a8a-b3b7-fa58d2600b7c,Sofía Rachel Garcia,74
f4bed344-dd3c-49e1-85f7-9d41121c94d8,Ariadna Llorente-Épinel,268
f26d92e7-e307-46ac-a41f-e2cf3dcc9f60,Sofia Catalina García,73
63105b55-0143-4cdb-b812-36b4eeb487d8,Audrey Camil Blanchard,242
c78c457a-fa21-40ff-8214-6b46247f64f1,Alejandra Rose.,267
c8536faf-fdc9-4617-8088-a2ec9a08c8b4,Maria Ferrer Torres,251
5c4a6e3c-1e6c-4370-ac57-bee8c9af7a52,Ava Winston,88
ae08ce0f-3187-4836-8ea3-93c5a95f67ff,Ana Lucia Grant,281
23fc1bbc-4b64-4946-991b-640f960806d6,Luiza Figueira García,208
c4b1e201-3e76-4365-9b1e-a38734c6bbf8,Ashley Winston,29
d8c82783-735b-43a9-9d4c-0a284794911d,Aurora Rodriguez,91
716343e7-507b-4de3-90f5-0ee1c74752c5,Helena Klinger,15
81644d81-deb6-4254-841d-6aa5393f0303,Lluís Edward,31
7c6b7f78-8a55-4b78-ba9e-df91ec12b47d,Luna Alexandra Roca.,234
88ae7840-1594-4164-872e-8ff56035e02a,Sofía Riley,130
d19d3eab-55ed-4c3d-81f5-4a17303b28c6,Ana Elisabeth Güell,154
53be36a6-3dfd-44b6-b43b-88d1c7b8042f,Alejandra Fontbona,225
2714f037-8b93-4606-8be1-6d90f0a1a370,Alessandra Rivera,275
d5499983-7487-44b2-8bae-e2b4eafeca58,Alexa Riley,144
2c653b99-0d94-4c47-80a7-8d86105b6358,Eva María Rodriguez,1
1ce0b7bc-ca06-4860-89e0-3e4c704b777b,Evelyn Wellesley,51
f553d70f-4564-48b0-9638-91e8e5549a9f,Alessia Vicens,46
25fa97fa-7cd6-456d-8a4b-9152db0355ee,Alessia Greenwood,12
fa3fb7e8-eabb-433f-9c75-64ee65434bf9,Sophia Elif Langstroth,82
cd42cf34-33e2-4ebc-b9b0-b0e7ca02886c,Anna Mariana Schneider,245
8f753bca-7720-4277-8b3f-0d11eb22b200,Aurora Santiago,115
265ee384-5328-47a7-af6d-dda554d8a360,Alessia Morales,253
32d7178b-e726-4115-bf8d-1dc2218714e7,Montserrat García López,229
e8d8090f-d45c-4300-8fb9-389a05bc55a7,Anaïs Miralles Valls,41
c979a34c-2ddd-48ef-8a43-203767ac713c,Amandine Fournier,171
174c1f22-27ea-4429-9b20-7b85b0468cc0,Maria Fontanills,179
81b104ae-023d-405d-b3ea-5b6e1427acc4,Sofia English Rodriguez,26
f8a68714-51a0-4a34-b737-723b13dac18d,Sofia García Müller,157
bc6a9d38-1ef4-4e47-a41b-61ebf9685687,Víctor Piqué,246
c2e03cba-4a2d-49d7-98de-fc250012f8b8,Luna Cristina Gualdrón García,214
e70f6618-8268-43ae-960f-3ce38c15f005,Ana Sofia Wagner,207
565f3044-1759-444c-a013-099be8cb8cdd,Audrey Blanchett,169
dbea0325-2fdf-4275-8980-aeb2ed3cca50,Aurélien Emerson,70
831b2fbc-1748-4548-8b2d-04a02b5247d2,Sònia Español,223
023b350e-0547-4bee-a325-ee862f4ec78a,Maria Francesca Ventura,131
14d6260b-97a0-4373-8031-0393698609f8,Sofia Evelyn Rodriguez,96
71f07e5c-67f0-438f-8fde-098f709ca646,Sara Montserrat Estevez,67
64f97a75-d849-4888-bafc-f9c04c30d553,Alejandro Elisabet Gómez,86
fcee953a-30c6-475a-b65c-ec49223281e9,Sophia Estrada,67
2c6c0a07-6c92-4a4f-bd3b-0736009e507e,Emily Patel,78
0980a348-6328-4cae-b871-f1689a57221a,Aurora Riley,62
5e157d23-0b87-4910-9d7b-de87cccd5a74,Alessia Ryder,56
5259daf7-353d-4b56-9aca-6b470779b679,Laia Sánchez,143
e062a530-8bee-4512-9c84-d89322ac34b2,Ana Isabel Hernandez,83
e75e7d00-bb2d-4a7f-bc6d-89e06ebb66be,Emily Rachel Jenkins,186
45f54373-1535-4f29-9f3e-48a7ee3bf730,Alexandra Heitz,175
8d062758-440c-47f8-8478-933ae092aed4,Sofía Rodríguez,287
5cc1d70c-9f2a-4f94-90fa-f5882281238c,Sophia Lenzoli,252
eeffe57d-451f-4f54-992f-0410d152a077,Emilia Rose Harris,2
f1feba8c-d1bd-4976-b90e-3f43bbbcee55,Maria Elena Thompson,152
1ce00046-0d32-4f9a-9820-fdc32d4717bc,Sofía Ellis,235
89a94079-e64a-4c31-86cd-29516f85e3cb,Alessia Maraviglia Lloret.,262
ec536e69-6ad0-4e82-aff0-010b05b6d601,Coralina Elena Soto,80
394fe2e6-a553-499e-981e-19079532b815,Alexandra Maria Torres,134
80e8b7f7-2705-4e59-9c1a-fc596c9216e9,Anna Svensson,206
399c2b34-111e-4f41-8090-3f1902414971,Alejandro Jordi Rossell.,164
a2ee95e4-bf7f-4c00-a494-c6efc025c55c,Luz Ashley Rodriguez,275
883a2aa9-b4f7-4fa1-b8c7-f2443d9c6f7a,Sònia Sànchez,151
55cd2a49-5d56-4265-99e4-a96df6123e8d,Lena Marie Fischer,207
b3144ff0-8a8e-478a-bec0-718d69de6497,Lena Rachel Taylor,262
079c084d-e728-42ed-9850-34a250c2ad4b,Avery Lane,186
227ca0fb-9a44-40b2-a174-20bd75c46237,Sofia García Rodríguez,244
8d7a2db7-5ebb-4d76-ae71-03c204778252,Emilie Franziska Müller,73
c29b033d-59db-43e8-8db2-f4cfd587620a,Sofía Evelyn Watts,219
4d2a0a2c-095a-4c51-9264-16d1deba3b05,Ainoa Fontaine,8
40272490-a361-46b7-828b-9fde72f588cc,Alessia Isabella Wellesley,48
2b64fc97-0bd2-4e04-9ac2-e779e61be5e2,Ana Isabel Ramirez,239
41bad59d-750a-4521-9d6e-d01c558e804b,Sofía Delgado,162
81c20560-4483-428c-9fb9-b4c10f2101b8,María Isabella Gutiérrez,196
0d22c053-88cd-4c2f-9593-d62f9cae0155,Lena Katharina Wunderling,153
779230dc-343a-42ab-9bfe-d7a46ac8d10f,Aurora Santos,5
b3e135f8-bffa-4c09-bbba-71282459edf4,Eleanor Silva Alves,256
c383d1cd-b47a-4683-8912-d3557ea5a386,Sofia Valls,144
99ddd2e0-bd26-4ec1-b426-d3312dff54b2,Emily Rachel Flynn,106
82a02639-1fed-4e24-883d-f084cbf89e6a,Ava Elizabeth Waters,147
2dfbf41b-3109-4edc-b8d4-e1fe0cbe14a2,Ana Sofia Moreno,243
67c963d6-cb54-4225-90be-a3e7f4c98c98,Mercè Ellis,35
ae3014a2-00e1-4b9b-8516-2618977fd8d9,Maria Elena Carson,226
04aa2fdc-ea89-4cfb-8aff-4b3f6721c468,Sophie Léa Dumont,57
ee2da4f4-138a-44c4-97f2-be4b49ab5a2a,Sofía Rachel Morales,18
075e6dc7-f35e-4895-b94e-743e90fb1dbf,Sofía Emily Rodriguez,244
8ea08727-27ff-49d6-811e-582761276625,Lena Isabel Kramer,269
93a7f8b1-a901-40e9-89b3-4a0e6b3355cf,Alessia Lane,203
885f42a8-0f2a-4bf0-bb67-a8026adc0f11,Alejandro Santiago,125
69f82734-1818-4fc9-a4a9-551624fdf1e4,Sofía Elizabeth Rodriguez,66
686f9ecc-54a9-4dfb-8c54-1a6c40bff85b,Ada Fontanès-Pierre,1
66f24770-7d4b-4f31-ab33-dd3cb5c54e43,Alba Elisabet Foxglove,45
b2d6a97e-dc9b-4c20-8b15-70133968457b,Liam Thompson,8
c11638c4-3605-44d1-ad20-412e399402e6,Akseli Helvétès,108
eba5f859-e831-4261-9fdf-8a8a8f7b09ff,Aurélie Elena Windsor,76
e8d6de53-9d28-4a5b-bab4-f5d3e74b6294,Laura Ferrera,66
d9ba7237-0690-44cc-b42e-031e4a6c9690,Aurélien Émile Sousa,89
2b9c74b6-111a-4ffa-a792-4ee755fb1db5,Sophia Laurentina Rodrigues,219
233b605f-b99e-41e4-af30-ab9e96d9ccd3,Luna Silva Monteiro,81
7fd2a9a3-63e0-4757-9974-48fbfa640fdc,Aurora Winston.,16
8eae2926-bc28-4dcb-99da-fa5a98281521,Rafaelo Zanetti,97
76091201-0871-4ae8-b7f3-a7577c2dfc4b,Sofía Isabel López Flores,193
5470a70e-154c-439b-81f8-4f72423b94d5,Maria Sofia Rodriguez,122
e4c36660-bbdc-47d6-9081-d35763374b69,Katarina Elena Fuchs,7
fca31fa8-d42e-4462-baa4-a812084c2ea7,Leticia Alexandra Silva,141
794b87c8-3238-4a22-ae1f-3146ea28a823,Aleixia Fontdevila i Ribas,97
cbbd8e4f-11b4-4465-8772-9855c1f87164,River Paige Winchester,241
fe2dee61-ad71-446a-a4d9-0f63b8e50273,Aida Santiago,7
bdd90e94-25e6-4d2e-b044-26e57c64a879,Aida Martín,172
74425515-a7ef-4ca9-a8e4-ab0c0c086ace,Paloma García Sánchez,63
402716d9-a417-4cc1-9602-030eb54babda,Sofia Riviera,192
6f91d584-9601-470a-8f98-8255a367761e,Emily Windsor,286
c28a12f3-4d4a-46fd-b777-3167984fce66,Aurèlia Sofia Wellesley,279
cf239205-af95-44dd-961a-4aec649946e8,Aurora Sofia Santos,130
a03d9cf3-65c0-4902-a2d7-be5ae75a0127,Sophie Dumont,76
1b7456fc-e4d4-4354-a498-6433d16da9e7,Sofía Grey,159
d69d8628-f3ba-46b8-a13f-7e3401bdaa10,Elisabet Fontrodona,49
bd6fc6e6-e87d-4978-b7b8-0fb4c920480a,Ava Rodriguez,235
66efaf87-14dc-4f70-bc51-4d1c2786bd26,Montse Sabater,71
13a8194a-79a9-4004-8711-e6d89efa0014,Emily Victoria Welles,111
b3d0a2d3-9dd6-48f1-a9b1-ffeaba3e1781,Sofía English-Ponce,3
33969baf-c507-4902-9663-037d9db45e20,Alexandra Félicité Langley,237
cac661d4-fd0d-41f3-ade1-f29505afcc00,Lucía Rachel,9
269b7103-8ec3-4a85-a661-fad473cd72d8,Emily Rose Winters,165
c0eec114-17c3-4a74-9aad-1a326fc388fa,Neus Ferrer Miralles,138
c639d2fb-8e5c-4a75-b5d8-78fad43b14c4,Ana Maria Flores,150
70fa626d-d0e5-4d2f-bef5-7af08bac1974,Núria Emerson,227
a2115ae5-8916-4ed5-bcdf-9c92fb92664e,Sabrina García,65
212db415-eb76-4811-854b-f3531a6ca2a9,Aurélie Sanchez Elliott,46
32e7a49d-9887-4fa6-bd8b-ed72d7f34d29,Sònia Emily Wilson,5
3a86fe77-844b-480c-9022-5f4258f89f79,Leonhard Valls,87
cae5c953-4e0a-4cd1-9d45-71f2fed79c59,Alessia Langley,15
9f283351-770f-4473-a866-0ca27e6321f1,Aurora Elena Sanchez,12
76857ae3-8ab1-489e-8d7b-dc5d62934029,Aurélie Gauthier,198
befe8c77-47c8-412e-8a0b-6482b8f1cb86,Ava Windsor,55
5eb6704c-415e-4945-8210-2de397af549c,Anaïs Ballesté,158
b33c4176-d184-4b77-b931-3b87a853bce9,Anna Estel Quintana,77
706e6217-f0f4-40ff-a896-900f39f1a7b5,Enric Valleson,176
9b72a4b5-c421-4a00-b45f-e698924d810d,Ariadna Solà,47
10370a8c-af8d-4aa7-9bb8-10e00e878a4b,Eliana Rodriguez,13
7150e49f-5e9d-432a-ba27-fcee817940e2,Samantha J. Reed,11
c8fad769-250b-49f9-9153-fe472a5f380f,Emilia Ryder,4
4072a710-d485-4c37-9eaa-9d19e02579e2,Alessia Francesca Vallès,64
e843a2d3-b744-417d-a87a-9864a7c52a57,Camille Anne Simmons,88
c048fc33-c7d5-459c-afb9-78c31ca0433c,Astrid Luna Sanchez,199
594711dc-4a15-4d4c-a7dd-b4f0eb8f15e7,Giulia Serena Weston,8
8eb32b4d-57b0-4d7e-8ba7-6c7ed599adc1,Lucas Santos Oliveira,265
2c95e490-9d41-47a6-ab3e-da95f2fe5ea0,Alessia Gispert Pallavicini,115
0e0b1b5d-2229-4406-ac5b-34e4c8a3878e,Aurélien Santos-Mathers,265
58385c53-2475-4f3f-8271-db4be2916951,Aurélien Everett,99
02638d36-f6bd-4d60-b10c-147caefeb222,Lucía Evelyn Thompson,83
7e81c275-9dc4-41a4-a294-f88dd231c699,Kaelin Sofia Mariana Lopez,72
f6725cae-68be-4429-ad74-d4f89bb0131d,Aurélie Montserrat Collins,135
139fc848-5380-4559-94ba-ceb5d59b9987,Ava Wells,227
88ae032c-07fe-4c6e-81ba-e561bfb2259a,Pilar Fleurier,224
8b147ed4-33ca-4850-b1ba-1a4598ea5b23,Amélie Simone Fernandes,12
48aacbf2-b0c3-4f37-a906-a35171d0e61b,Sofía Elena Wallace,192
542d6e14-d321-4d97-8007-5c2ddc44c98a,Sònia Lluïsa Flynn,288
a8eba985-9aa7-4249-aeed-c32f06bc3215,Sophia Langley,133
14f87989-7458-41dd-a33d-e0f4abe675cc,Anna Vidal,50
817dfb8a-e3fc-4e19-bfcc-e73155b4971b,Marina Torras,71
c89a5615-7e23-4fec-ab8c-36790fe67a5a,Anna-Marie Estellina Ross,73
888f5fc4-663f-4257-95ca-1ee258920a7f,Aurora Sempere Ferrer,11
e6ee1679-09ab-4a53-988e-bbfd4994de0f,Licia García Moretti,214
99e91d06-2eb3-4bc4-9d40-21091a5b11ef,Sofía Ryder,23
46d62139-2038-4190-8f1c-cf20a84dd599,Nuria Gualba Bosch,245
e51a9836-ce42-4fa8-9ff1-4a3c73c40c51,Rebecca Sophia Thompson,286
7988b25c-ef84-4d1d-9657-392c40838dff,Ava Montgomery,259
bbdfe060-cdd0-4e40-87e2-7b62fc8e2353,Sofia Valencia,51
11c29ce1-a3c5-437f-98b8-08fe65683ee9,Alexandra Elena Moreno,79
0108b270-8223-4509-9074-c84809765b33,Ana Maria Flynn,21
9bc9dd43-3263-4c73-ae0a-e9acd4299976,Sofía Elena Wright,281
cf7874b6-6b9a-492e-9621-089045a5b3be,Emily Rose Thompson,127
855ec9de-2464-4ab7-9dd3-af2d344b8d77,Alexandra Alex García,11
3d5de216-4ef3-4b2c-9c47-0cfe50d4b636,Ava Lane,270
171e9493-0a78-4d12-b554-a15426697400,Alexandra Lane,10
6fc3bd00-6bd3-49ae-9320-9c503a8627cc,Ava Morgan,125
baeb17b5-457d-4709-b3fd-8cdb8436dde4,Sofia Pujol,282
bbba2b20-0c61-4a25-96f8-eccf1facd63e,Emily Sanchez,137
3f0d9e2a-527c-48ae-9c97-ceebbe64c2f5,Alexis Rivero,0
d7699727-7c41-4293-928c-0aff740b038a,Alexandra Ruby Winston,248
73acdd47-aebe-4f85-a5ce-cd9cf24cffee,Astrid Samantha Rodriguez,222
5a5dd6bb-ea9b-40e7-93f4-dc97ac3ad8ed,Sofia Ellis Rivera,203
4e6785b4-cd60-404c-9547-761c2e617436,Ava Emerson Wright,0
4de50c67-e4a6-4f0c-a850-0fd0881d03db,Rosa Maria Ferrer.,174
ddc24869-63e6-4ed7-8f99-8101b1a3190c,Lena Victoria Flynn,105
6bcecb25-380b-452d-8f49-cca09caf185d,Soledad García,244
c9696b90-2bda-4061-afd6-2f384d9f8cca,Eva Moreno.,16
1d79de75-8571-4e2b-8fa1-368f8dab4c7b,Elsa Catalina Rossello Monti,131
73e5c579-036b-43ba-8842-723059e08088,Alexandra Elena Torres,79
6f35e869-d4d7-4ca4-9094-46051b4622e0,Camille Winston,158
fd312cad-8476-4fe7-883d-ba43f55271fc,Alexandra García,102
04fe4606-7da3-4a83-9bc1-e31fc02fdd8a,Vicenta Mira,27
e0a63ec5-36ec-44c4-b5d9-48b8787e07c7,Ana Sofía Rodríguez,61
5ce46623-1009-4c3a-a4ce-b8753b42c248,Sofia Casanovas,32
94816d46-f069-4b38-bd5f-4c4379f93f27,Heidi von Müller,5
ddf48d89-b710-4bd5-8fbd-ae7e5e60fdd0,Sofia Elisa García,129
2a4877f6-c699-46a6-971f-1d1c75977ae8,Eva Sophia Müller,193
e3004c14-7f18-4b9f-99b9-1589c6816479,Aurélie Windsor,188
e62018de-de01-45a0-9b85-ea488d6dfa14,Sofía Elizabeth Parker,26
cfc1d014-515c-4d65-ada3-fee200cfd9af,Emily Rachel Wells,128
86e21349-d28f-42ae-8a69-b60c8ef1d254,Sofia García Ventura,14
3fe4a2d7-9066-4883-b534-3476b1b0e6b2,Alejandra English Moreno,125
f86dbacd-9b94-40c3-8707-964a43e1f841,Alessia Blackwood,163
0aec2451-3c28-4252-ba0c-4d1fc719ce79,Alessia Riley,85
275c1954-cad1-4287-8b64-d0ea0aaac6be,Luciana Patel,42
2375a200-537c-43ef-9ca4-9d0d01c92b57,Ana Mirallès,157
62b0ecb1-63fa-4327-b04e-98aff0e35e32,Emily Isabel Moreno,132
41a18a9c-a94c-4930-9154-4d4283385e47,Evelyn Ruby Jackson,144
11ffe114-f6ab-47ea-a245-ca25e2012000,Lena Fèvre Canaleta,100
c8c21de4-24ca-4835-b073-9240fed8aff2,Emily Wellesley,273
2ab86d8e-4e0a-4ea9-9df6-fce64201922b,Marta Fernández Ribas,89
6485cece-024b-4deb-867c-bb954f814b28,Camila Odette Laurent,27
4b12946a-f182-40ef-9e3f-747721acc99a,Àngels Waverley,6
3de31467-f008-46cb-af8b-15dcb1f1f1ff,Katarina Sofia Reinhard,194
5b87e822-ce03-4481-b031-d06d581b8d6b,Sophia Garcia,86
e3fdcec3-7223-4eae-b011-b5e90d5b33e2, Aurélie Blanchefleur,107
2fd98f13-6f28-4aac-8f12-7c9cd435a0b1,Alexandra Esperanza,173
e9799ffd-4308-46cb-a6a6-9b001ed7d07c,Alejandro García Ramírez,285
455d93f0-6322-46a3-b69f-8b25e9eea41a,Emily Rose Watts,185
e51c17b6-2f8e-472f-a42e-beafe439e376,Pilar Cristina Fletcher,261
c8dada32-52de-4dbf-b603-579aeaddb667,Cristina Schnell,55
38641ac6-5828-4bda-b32c-73554011fc8d,Rebecca Alexandra Windsor,284
4013a44c-a11f-48f3-b06e-5fdbafba8650,Emília Laurent Blanchard,68
80751728-d910-4654-aad5-53231eb4b165,Eva Martina Klauss,251
c05d5ef2-fb63-4782-a535-e7fa614cc446,Luisa Margarida Cambridge,65
d0f14bff-0378-4f30-aff5-187fa4130b40,Alessia Englishelli,238
1bb50eec-ab5b-4a13-b841-960ae91ae63e,Avery Windsor,272
4d86540d-0b42-4530-bc05-d4a7ea3d1df9,Luna Alejandra Schmidt,194
849ae8c0-199d-47d7-9221-e4941d10f7a2,Alejandra English,150
72c1bdce-c943-45e1-8929-fdc651b64320,Aurélie Victoria Santos,164
329773c9-9ea9-45c8-84bb-d68427073632,Ava Victoria Langston,77
6e400493-a6b9-4f93-ba41-b8c853e49709,Marie Camille Winston,281
f84c9ebb-a86e-4eb1-b51e-33a3c868b8ef,Alejandra Elizabeth Flynn,179
3f2a133d-d3d2-41c3-a9c1-31dac87b0ece,Lluïsa Elizabeth Fernández.,47
515b080c-2970-43d3-ab12-223a9a03cf6d,Ava Langley,110
562ddd89-2b98-4d43-94c6-82cef36bd3f0,Ashley Reed,273
14db8fd2-7905-441a-a157-496e970a5314,Anaïs Fidalgo,163
636f4389-5d43-4d0b-9a15-1e8efda13525,Sofia Langley,46
d7457749-478c-4afd-bc17-9a80d9f4d2c5,Ava Reynolds,150
95e71999-8adf-4283-aa70-b8e7c0e9e009,Katja Emily Weber,270
6f60a043-96a1-48dd-8a48-2bcc44b279c5,Lila Jane Thompson,62
72c808cc-2e78-459d-b1f5-4b6d76a6fb47,Aurélie Langley,257
8098ec76-c198-4135-835c-1bb3fe0dbbf4,Aurélien Fournier,30
b6922470-df9d-4b64-84e6-6852f681f69c,Sofia Alejandra Kaiser,128
6f917148-7a01-4ee3-a3e0-c433c72e9b42,Sofia Elena Sanchez,38
2b0acc53-90e1-416d-b71a-d8798dab066c,Ashley Rachel Bennett,16
d724eb20-798f-4848-b0b6-33e8d7916c25,Alonso Eduardo Weber,242
2f98ba76-c31b-4a6f-b0aa-c10b60969249,Sophia García Rodríguez,145
526c5bf9-59f8-4877-8535-0f9c5684be6a,Sofia Elena Rivera,48
fa690aec-1bbf-4160-a20c-d146819d3a39,Luna Isabelle Rivera,242
75c805b5-be11-4794-beb4-266f1682bde1,Emily Jenson,147
a25acea1-bfcf-463f-a445-b7e0c1d14a5d,Aurora García,105
78b97494-7868-43b3-ace5-38ac353ae00a,Sacha Dupont,195
0955728a-8853-4e85-bb16-80901b54ee96,Éléna Olivia Santana,39
54f5a5f0-7944-42ec-9044-c506aad0156f,Amarilis Jansen de Silva,146
fecaad4c-5067-4096-9b69-96250a428c50,Aleixia Rose Ferrer,44
8a4be83f-e3b2-4eab-9cf3-90de789be65b,Ava Elizabeth Foster,231
5f9406cb-1f82-41ee-9d96-8cd88671db0f,Luna Bianchi,124
f3a692c4-3ffb-43c8-ba47-59b37fc34569,Alicia Fontàs,129
636f450d-9f0d-4de6-aefd-58236e9496a0,Sienna Alexandra Foster,44
211bca81-da4f-4854-b789-d74ae687e580,Leonie Elisabeth Müller,78
5af75b2b-5996-478d-8be8-9ee423271258,Lena Strauss,79
656e5343-03e9-4491-8974-45f774ef80ca,Sílvia García,174
cc71bf28-bee1-4880-a6c7-210f1e3ee85d,Leandra Sofia Berger,221
fa3d6288-2891-4d92-a18e-b9f72c10d33a,Samantha Rachel Foster,80
d70f32f9-aa3f-4995-bfe9-de61a9ce2544,Aurora Britney Silva,104
f9bb73f0-61f6-435b-a77a-54dd368d7021,Laurenç Fournier Soler,59
0892f490-8577-4e5e-9ce2-c28852b08fa5,Katja Linschtenborg,148
7a4c1de4-68a4-4b52-a3bd-772d71b505d4,Marta Vallés,262
37fb5e2a-e968-4f2f-995b-07d68ed6eacd,Aurélien Flynn,161
2c76459d-de2a-4e61-b420-9520260fdf41,Aurora Camila Fonseca,108
6765c55b-dd76-4fa9-83b2-aae2ee14eb6f,Sandra Rovira,201
e4e7b683-47d3-4b94-9fcc-b3de7f00c8d5,Sofía Charlotte Wynter,55
3f7b6a32-5ff1-4676-a1f4-d77de00447c6,Alessia Langley-Rivas,265
bd672aaf-dfed-42c3-849f-19abdf9d8612,Kaiya Nadia Kurosawa,198
750a2e39-f928-4427-9eb8-b1702531b920,Nina Sanabria Torrent,279
880989e5-2adf-41cf-ab2d-dda2d72f4959,Aurélia Santiago Fletcher,1
9b61cf96-4a8c-451f-b5f8-ca2ada676351,Alessia García,94
c22f3c61-0a86-4df2-b210-165bcc31969e,Aurélien Étienne Langley,45
7b9d17d4-4411-46b2-8a6d-1fd58cb91209,Sofía Elena Blackwood,167
5aa22aa4-44fa-4a24-8f82-403eea2e9460,Alessia English,279
fbe0176d-83d8-49b2-8fc5-909ac3ab753a,Víctora Feliú Ribière,209
b38ffa97-a4f8-47d4-bb67-4e59bb81201f,Sofia Luna Edwards,211
ff535a8e-0216-4300-9d0b-7770805da258,Evelyn Ruby Wright,51
efb07256-7504-4999-9baa-289a63d8353b,Sophia Ellis,181
b9df758e-1c05-4ab5-9d72-dfa7cd81f735,Sònia Elisabet Morgan,234
c25f3904-9b22-4d73-83f8-8e950b4b1dca,Marta Escuela.,51
65327c02-6a7b-4ff6-874a-ea0a1466b207,Àgata Ferran Torrent,218
806d57fb-d3d8-4c86-b66f-0bbc9d001941,Ava Lee Montgomery,235
d2c527a3-07ec-4770-b641-178c104d8f65,Aurélie Rae Valdés,226
d36fa167-89ec-4965-a2e5-c1e7e7e25a54,Alexandra Rodriguez,41
c596f489-7b3e-46cd-b6f6-b0553124d49e,Lily Rachel Emerson,52
836f6eb6-a46f-4cfe-90f6-04cc27c5f06c,Astrid Santana Müller,240
aa040cf3-236d-4ff1-bd98-116459e30c78,Alessia Harrison,91
01165413-e6c6-42ce-9a2b-d69d12382ed1,Luna Elisabeth Kramer,264
978a9471-2c05-4624-92fa-4fc0e038bcd9,Sofia Patricia Thompson,207
9f3851e1-0e55-4348-bea2-a1c183229141,Sofia Elena Thompson,56
a511a5f1-dd69-48d1-8f96-fc4fb037ead5,Emily Rose Flynn,111
3cf9e863-1e50-45f1-ba83-ae8e70dab383,Anaïs Pérez-Roca,54
a654ae11-d7ea-48aa-ae32-522114a1c0ab,Carolina Verdaguer Rodríguez,38
a2226f5c-ce70-4323-88b1-cd211230505e,Natalia Costa,42
9fbd27b6-071a-4591-89ae-d2640ddf2f77,Avery Elizabeth Thompson,283
9801f871-110f-407e-9d31-5e34ba465128,Sònia Rose Ellis,143
037b206d-9e59-4001-9619-ed6da8d9556c,Aurélie Sanchez Winston,238
f0855781-884d-45ff-8b0d-e016ad947d97,Alessia Rachel Armstrong,38
642ddfff-df48-4e65-b7d2-b6adee472413,Alexandra Sanchez,59
43dd5f2a-762b-433c-b093-1fc2184d1ed5,Sofia Elena Morales,154
db0ccf35-c42e-489d-b0dd-e504e5866518,Sofía Evelyn Foster,68
0ba9ca97-5e87-4cf9-94ed-6b35fc60b1b0,Emily Victoria Winston,99
458f52d8-d182-4c1d-83a2-fbf61281e9bd,Sofia Patel,263
bc48a430-de51-48e5-87ef-f67904a46ce3,Leonharda Catalina Wielenga,209
4a0cc70b-b863-4c35-b28f-155aa537882b,Anna Maria Solà,180
d70b640d-53f9-41c7-8d47-6647efd852c0,Aurora Sofia Jennings,22
6147e5e7-8a21-480d-888f-5141627de47f,Ava Rose Elliott,113
9d4a13e4-f8a4-417b-9c59-9d129eaf320c,Sofía Rodríguez-Martínez,269
700e7103-f57a-4a8d-8dea-454eba08f76a,Lluisa Fontes,149
10fc09a4-6407-4b9f-876e-a7e55bcedeed,Alexandra Félix-Renéeva,36
1fc7a0a9-12fd-4a4b-9382-3babb7b4023a,Aurélien Jackson Lopez,120
d152a52a-0109-413d-9ac3-d75b45bdbb08,Ava Lauren Thompson,124
e0fd6b9d-54f4-4b0d-a50f-254d79866e06,Lena Santos-Richter,139
847d9a23-5203-4fda-8707-693ee6b4e016,Esther Sofía Braun,29
2889aa89-988c-42f3-aec7-4a7570443053,Luna Margareta García,2
f13e7ab5-0f32-4ad0-8c54-79f034b9e5dd,Aurélie Winston,269
b69e5208-8599-43a5-a28e-c9b5d089ad04,Evelyn Harper,60
520e16fc-6b18-4431-bd58-29e814c5463d,Ana Sophia Rodriguez,26
8627274f-aaae-45fa-92ab-e6af7b7d459c,Camila Isabelle LaFleur,74
03296e3c-5636-45dd-9a27-842ca67d8f9d,Sofía Jenkins,286
7862729c-5a8d-4cde-967d-e8aed73b720f,River Flynn,175
47cc27d9-7ae4-41c9-86eb-48c4423616dd,Aurélien Oliveira Sanchez,255
fb640093-491d-40f2-a275-04484a3f4bb0,Alejandro Morales.,196
38122fa2-fd37-4cda-98c4-593613c08748,Ashley Flynn,278
fa76fe58-d2a9-42bf-a194-6c75efd2d0b0,Ava Monroe,158
9e707f7a-c65a-4c00-bf3c-9f1c2962fd15,Sophia Adriana Montesano,103
75775ce8-a918-4d9f-be6e-5322b2a86404,Amélie Langdale,20
111f2555-cda2-4bf1-97bd-a200a59f21e6,Sophie Fournier,112
6fe2ae8f-a5be-4f90-94fc-d7a36e4f144e,Giulia Margherita Fèixids,246
8e9dc4b3-8895-475f-ba8b-313ecd06cb32,Fleur Élise Windsor,232
1aa4feed-7d8f-408c-8158-b5fb6d965f8d,Laurence Ellette,141
07fd389a-b215-4f68-a1e8-20430a89a8da,Alexandra Fuentes Rodriguez,9
1ca5745c-e6e2-468b-89a1-82f9509873df,Alessia Raffaelli,158
9ef3b38f-667d-465a-91b5-1b513384bd1a,Aurélien Sophia Lane,20
0c630d68-4590-4cc3-89b1-d220c4b77089,Emily Winston,223
9d912453-fb1a-4970-8ebb-85dc19d1d735,Alessia Elena Englishworth,31
4a6bcb3a-2dc9-495d-ad2e-82d3bf7c1a5c,Sofía Rose Langdale,90
aae1dff7-40f4-4629-b762-f820b701166a,Marina Gómez,220
ee3a2e42-7925-4ea5-8a5d-843bed5a43c2,Aurora Morales,23
9788f551-a516-4c3a-8624-a9fbe56b8f37,Sofía García López,280
c9f79395-e365-4d45-a63c-b471a7b865b8,Ava Thompson,258
5bbad1d9-747a-4d2b-870b-db993fca8d18,Ava Riley,29
2ee0a2a4-91bc-45db-a2a9-dc4d96f77e45,Paloma Valentina Rodríguez.,247
05b2d6b5-7844-43d6-bd61-d2f7e216ad06,Carme Mònica Pascual,149
ce8efee6-32c7-49aa-800f-c5f19e69fee2,Aurora Vita Lefebvre,268
58893b1b-25ad-473e-9af8-1062e75c1101,Aurélie Saint-Louis,195
a4d586f5-2cd9-46cf-88dc-dfebcc1e2e34,Luna Maria Vogel,49
6a4fffec-0d4c-445c-90dd-f981d98d850a,Isabela García,44
8ce3c710-90a1-4f9b-a7f7-632ce0be0289,Katarina Rennet,252
fcf3c834-3c72-4de0-81a3-f5456d0ed9f1,Lilya LaFleur,256
c93cb237-eae8-4938-b861-b7229c27af11,Nuria Girona,271
dd76b6c8-fb96-48c6-90e1-8991cb367883,Anna Catalina Santos,56
fcbd26d3-6334-4ef1-9ef5-2a05121547f7,Anaïs Jørgensen,162
18799938-24bb-4e11-b08b-1650b888b857,Astrid Élisabeth Sabaté,209
8123433f-de8d-48c3-95f7-a50bdf52712a,Alejandra Borràs,24
af734d19-a2d1-480e-a372-a889a7d48ad1,Madeleine Fletcher,212
b4b5ccd6-7726-46a7-9ef1-64ddf9e811b3,Alexis Rachel Moreno,7
145a1c7f-3bb5-4a2b-946b-2031d34e0397,Emily Wynter,261
20085043-ccb5-42ed-9963-381a07031ce6,Aurèlia Fleming,164
774f5f7a-25ed-46ae-aeed-76d371f6cb10,Evelyn Rae Wilson,167
af093636-1479-40ce-8ef2-c33aa8abf0cc,Sofia Lucia Grant,74
57081622-e33f-48df-9d07-01973de14711,Luisa Ribeiro,112
01e353c7-5f09-48fb-80bc-b320c6a6ba9b,Aurora Elena Rodriguez,282
cb0de577-c527-4427-ba8f-1a6905fbe8ed,Sofía Rodríguez López,81
3f2eccc2-40b7-46d2-93fb-47473c91b5b5,Evelyn Rae Winchester,18
d7f87b36-c2fa-47a9-a857-fd9bb6f370dd,Avery Wellesley,43
1458df1c-f303-44da-8201-e37ccceed095,Ana Sofia Elliot,255
8ff27801-b23d-4831-94b6-b7f23040c560,Eve Victoria Watts,255
6d1bd4c3-3368-44ad-8d0e-0edb27c35235,Anna María Wilson,120
409fe87d-4d4f-4612-a73b-f55576f8e23f,Sofía Alejandra Cruz Martínez,214
65944c7c-a5a7-4820-9577-4b70340ecfa5,Léa García,98
a5849b56-1c19-4d6c-9859-6c67239d27ed,Léa Dupont,34
429692af-64a0-4cf9-9c63-b3cec34710a3,Alessia Bianca English,18
313094a4-5d09-4231-9503-89cb79019e0f,Lucas Parker,275
5927a81a-d403-47fd-8b07-c51e65380658,Sofia Riviere Lluís,48
e2e570ae-5283-48de-a9cf-933c693d78bd,Luciana Isabella Fletcher,221
0f678049-21ab-4df2-8ba1-48340d97bd84,Llorenç Alexandra Grant,200
76112bd4-ac69-4588-b02b-d480c0709660,Ava Ryder,10
b29dc0bd-9753-44d5-8643-b8f9e1e1714b,Ruby Rachel Thompson,43
9e22c406-1262-4523-8773-3ccf99f5e5bc,Sofia Rachel Morales,74
74f3e62c-3eaa-40b5-ac44-fc320d7da450,Alejandra Emerson,49
a76f0006-9a75-428e-be8f-3ee51bee14d2,Sofia Reyes,286
caeec731-c1c1-4eea-8072-d166ed4c6770,Asher Lucas,254
4d434bc3-c353-4d0c-a4ca-69860d93b54a,Mercè Elena Thompson,254
d9c40299-abd9-4b2f-bdcc-5e45f0e19ffc,Luz Elena Sawyer,227
e085c763-f022-4c76-9c59-516bb31d524b,Aleixandra Englishworth,278
5ec97c83-30ba-4855-bc3d-0ad8bcfa85be,Isabella Rivera,130
294c7041-c33b-4aca-8108-73d7e69aa39f,Lena Valencia Hansen,66
75d2add0-a264-4b9a-b582-9e98f19d68a8,Eva Ríos Morales,180
9397831c-857c-48a0-8104-580f1f95dafe,Lidia Schnell,81
a4e7f6fc-59bb-4589-a145-f8c8e65f1d3d,Sofia Jenkins Garcia,8
0da9c0a2-aed4-4350-ad57-fc96b096bdd8,Arianna Sansierra,22
771bba43-fef2-439d-b2f8-9888bddbf6ea,Alexis Santos,260
453aed48-4b53-4189-a5b7-e50714aecdd0,Aurora Rory Sørnes,197
6b20e3ec-044e-4e53-b6db-fc88f015dff4,Camila Alexandra Martin,160
7bb47f4e-c95d-450d-af4a-55e5d5fc5aa7,Paloma Roussillon.,233
8ef7b4db-f613-4dfa-bb34-28115f04a1df,Isabella Fifi García,53
471b6000-84ae-4c18-bcbc-615a0b4af65e,Aurora Valencia Dumont,172
e9ceb653-bedc-4e6c-819d-bec0d6e8ba7c,Laia Elena Summers,84
73f736ee-27e7-4c18-851b-16b7aff7cbc0,Aurora Dupont-Larios,75
e2c6e3ad-efbd-435a-890d-f1900763c6c1,Ariana Fernanda Santos,211
4759003b-1286-488c-8ded-3a0a422f0cbd,Alessia Sandoval,36
a97116bf-5a80-495c-881f-2e639469e624,Alexandra Francine Valencia,99
420afe02-5102-47a3-835e-d5c99cf4432c,Aleixandra Maria Martínez,33
2ebd3551-db8e-4b14-90c6-e20290162463,Ariella Sanchez,110
2873574c-1713-40f9-b59f-007eb8d09191,Lily Rachel Martin,272
c92e7134-0f4e-4d05-8382-974e293cb902,Aura Victòria Estévez,229
dd3c33d5-ab83-4a63-b424-a71530e54f47,Camila Francoisi Langley,124
ebac71e6-afeb-461e-8e6d-b93397def08f,Elísabet Feliu Pujol,263
28f86447-f46a-45fa-8e43-235ae8d7e0f9,Alessia Romero,240
b6db94ee-ef5c-4bf7-8644-5a8d80dd2545,Ana Sofia Thompson,228
96ea4a40-a718-4edf-b279-1b13789c7e01,Audrey Dupont-Gauthier,274
b9bc12e5-bd99-49bd-b369-cbc9dccc9cb4,Alejandra Joy Thompson,280
263a9a1e-7018-4e58-93f9-7228054b4747,Aleixia Nicole Fernández,43
c6cbe732-3013-41be-a0dd-ccfa51cd67cf,Sònia Elwes,251
57642f60-abff-4931-88e4-ff75914f83f2,Alexandre DeSouza,166
291959b1-bb92-4a95-941b-1fbc6eda29f8,Leandra Wagner,6
f0fbf24e-edd3-4211-a25f-e23af2f3cc25,Evelyn Fiorella,223
9d7c5855-e89a-41ec-910f-93133f3ded69,Lucas Avery Warner,62
09d48185-f784-49bc-a8f8-406c1ca4db35,Beatriz Emerson,231
d6b83b60-d69d-45b3-bcf2-fcadb1ed95c4,Elena Vittoria Costa,268
70876556-1071-42f9-9be4-a8e7af68e148,Lena Maria Weber,32
e64f487a-7062-44bd-822a-4fcf8011b7e0,Aurora Blanchet Ferrer,3
781753b6-3549-48db-af2d-a812ebf37d9a,Alejandra Lane,90
21bc4eb5-4c45-4c82-be44-14e972b64462,Ava Rose Winchester,180
3ea27ef7-93b8-427e-b13c-db6f5fba1f35,Maya Rose Wilson,77
82ff1c49-544f-4412-8f91-23a7f3096bd5,Luz María Delgado,253
ef913071-eb7f-4718-ab10-3e4d7ba5fafb,Sofía Wellesley,49
12d33376-f9bc-4a17-9703-25bc40688d2b,Sakshi Jain,28
c13202bd-0241-4790-84d1-95416ddacb7d,Sophie Löwenbauer,67
f5933110-3c85-4b67-819e-74b39d5df06f,Aurora Vittoria Ellis,264
7f04bd4e-e533-4775-abed-178d62cf000a,Marion Llobell,54
7aa52037-26e1-49d7-939f-ee415d2c6e6a,Amita Patel,134
d56926d8-f5a0-4591-a28c-fe2f2a404d20,Emilia Windsor,96
137f6a8b-25d8-464d-9860-19741f0f005b,Aurélie Rodriguez Simmons,159
eee53c6d-6afb-4cea-9ff5-a47eeba35462,Sophie Casals-Fourcade,151
a24fb86b-0287-4836-95bd-a8480e40b2f3,Sofia Martínez García,259
aaf8c601-b860-4b1a-935d-3124f680fb36,Alessia Caterina García,227
b8d50918-f0b5-4452-aae3-c097eafd99ab,Sophia Patel,19
1717b4cf-fcb1-41b4-9cce-8219538c4d2e,Soledad González Moreno,217
7ba3e311-57d2-4964-993f-ee4ed9681e2a,Sofia Moreno,5
54b717da-af5a-4222-9a2f-eb868008193a,Sofia Santamaria García,256
723cc181-f56c-4330-8c0e-b9dec191b5d7,Evelyn Alexandra Reed,44
26dbe295-c295-457d-ad49-0d6df25dfc0e,Nadia Elara Santos,201
0fb69cbe-65be-4bac-bba4-7ddd0bcb6661,Sònia Elena Foster.,56
0f2654b5-45c2-4ed3-a7ed-86954f9bf9b8,Giovanna Rosa,247
1164b191-85cb-47ef-8a31-690eb8787099,Sofía Rodriguez Castillo,233
46d710bd-fb13-48ff-ab43-3cc776e1dd98,Sandra Alejandra Ventura,13
a24d1d3f-69c9-47f6-b7e2-f70b96b4aa30,Ava Rivera,136
bbe21d37-e003-4390-9d9a-a9a9ccf6c673,Sofia Rivera López,280
e473dded-0772-4f0a-b112-8ef3d40a3f09,Sofía Isabel Hernández,228
66bcb312-1238-4460-b8e8-39f3dd11cd64,Lilya Wellesley,222
ee9946b9-b5af-4ca0-9242-f0b9f10a2430,Lupita González,66
e770d77f-88fb-4909-9725-7dbd38cef0db,Eve Anderson,40
2a617a08-a2cd-4502-b984-f33ae0a1388a,Nuria Alexandra Fletcher,17
75bfad0f-22a3-4393-9a38-c8004aae420b,Ava Lauren Brown,167
f4fd4dff-cda8-41ab-bafc-ec6ebcd13d89,Lara Margarita Esteller,287
faa170ae-ed48-47cc-9cf8-d010e2282e7a,Anaïs Victoria Everett,110
721b134c-9623-40c9-82b5-77c1b126bdb5,Elara Moncada,264
e9f95fce-5dee-4a81-a03d-0a03d2b96e50,Elodie Ferrer Bujosa,245
5a219bb8-9249-466d-bd33-36fb82d3c8ca,Vittoria Maria Soler,11
f1d8130a-5ab1-44c9-909e-ce5205bd6ddd,Alessandra Ellenhardt,192
40e7190e-6188-4e35-96b1-f5a23e378120,Marina Llorenç Rodriguez,85
7db35fd2-4bcb-40dd-8f10-1b7afe6b6dfe,Maria Elena Sanchez,200
816fc828-eab9-4dfb-ab0c-bc09f7dcace4,Astrid Langford,20
af6c5959-8ba6-409c-bc39-f4518da05af0,Ava Mae Ryder,215
0cc7049b-5501-4555-a996-37dd5f40e875,Alejandra Elizabeth Rodriguez,159
65ea2464-a6b4-42aa-8f05-24a61d94c7b4,Aurélie Emerson,17
8c81ebde-c857-473d-9bba-3ca61d9803b2,Lily Victoria Russell,257
32dd8c52-0f14-4c89-a54b-bac44233f856,I'd be happy to! My name is Alejandra Torres.,6
92ff4143-12d0-445e-8e58-5facdfeb1ea5,Alessandra Santos,17
01cb12fc-c064-4fd0-8762-ea8dee5b3e37,Lena Sophia Meyer,2
c0eabb88-e38d-45d9-8b35-29839ae9b4b2,Laia Collins,150
2dddd39f-7753-43f5-92b5-6bcf21b39d53,Sophie Alexandra Rêves,233
ad2bb933-8be1-4225-90df-ca94b3b7adfd,Alicia Ryder,216
5301db91-ec86-4245-8400-749d9bcb540b,Alessandra Elena Rodriguez,16
d59ff4c3-77d7-40f9-bc28-abe5921f2318,Aurélia Gabrielle Santiago,79
482c5860-2fc8-4983-94ae-941864101a12,Aurora Vidal,280
6b68d7cf-a255-4dee-9c17-dadbd2134610,Livia Enrica Flynn,178
49f0bdae-26a4-4d5c-bbdf-f7de7bb7b86d,Ava Moreno,220
5b122d36-73a4-42a3-9c4f-ab92280cd49a,Audrey Fletcher,155
a56ccb14-be36-42fc-8d2a-1691af622a57,Andrés Eduardo Torres Morales,165
c7bd9ae7-7beb-41b1-b670-fd28d29bde71,Madeleine Élisabeth Dujardin,249
7cf96c0f-1f0f-494d-9c9a-310ca6a4ff7e,Ava Emerson,275
a9e6c90d-0ce7-4300-8ab8-1a4773351de6,Sofía Valencia,92
3c0bc807-8651-477e-99ff-9949e01ecbf0,Alejandra Fleur Rivers,167
e57913f4-fcee-460a-8571-f6075dd05a3a,Marc González Rodríguez,276
661b584b-1122-4113-b1fc-7cda2935a700,Aurélia Rodriguez-López,250
36b10d40-be72-4eba-afbc-96f92617e405,Astrid Sofia Langen,15
ecf28da2-ba8d-45aa-98a6-54a4bc7fb33a,Ava Taylor,204
d9d26a5e-6950-465e-afa7-2cd02f03ee31,Ava Wilder,28
6132c554-f87e-4832-a9a9-7e6dc3b90b49,Soledad Lucía González,117
325e158b-bd36-48f6-9aea-cf55426808fb,Llezaray Fernández García,65
c218630d-6ac4-4b94-879f-3c58040b1262,Sophie Esperanza,101
0ddfb0f5-e083-4b24-92d6-6b574e233901,Sofia Isabella Lopes,55
9e8ab7c1-0edb-4047-bb16-11c0d7981917,Aina Fletcher,24
7cf99f82-e297-40fd-8ae4-5a43d4e30b6b,Aurélia Winston,87
c4baaa38-723d-401b-9c0e-f31e3ccc621a,Luisa Schneider,273
3e156221-515f-47ca-a3d4-80e59f774cd8,Sofia Torrent,124
e502004a-aae0-42c7-81da-458709171c3b,Sophia Kalyani,113
def1b712-4d4c-4042-ac74-d53d7438bba5,Laia Ferrer,119
4709ef24-9736-438d-b506-ed2804b719dc,Isabel Fournier-Rosas,27
6e79daf2-b3c6-495c-a800-8aef1904cd6a,Lucy Mayfield,191
ca86f7fc-3cb9-4c47-b23d-5b1ecec7c335,Emilie Véronique Fournier,106
328d6fd2-ee79-4a54-a425-c907388e8c4c,Léonara Fontcuberta,213
8f42eea2-7183-4025-9c80-46e08470551c,Vilassilva Martina,84
ae5a6bbe-8911-4195-9589-4ce25d6ddc8e,Alicia Riera García,140
718026ee-ef77-46c2-bc93-29d31ac30a62,Sònia Elizabeth White,254
258fd865-91f5-4d7d-951e-9e6abb57e654,Sofía Elise Langdale,68
fdf3855e-69ac-48fd-b5f2-23a9ae755861,Sofia Engel,281
9a94d640-fab4-4cd3-8267-41bd5384128c,Evelyn Rose Windsor,238
a6c17bfa-4ed4-4911-8c56-c6aaa57b0269,Katarina Löwenberg,164
0ffc36ea-96f5-497a-9aa5-45ddb56a2e56,Alejandra Langdon,264
9ac8f8af-645b-479e-b8b7-75cc70bb1a54,Sophie Antonella Cortés,40
84bfb252-3cf2-4cb8-9f5e-9595b27f9d65,Emily Anne Taylor,6
25970843-bb0a-4db5-ae7d-9dc2f6e0fda9,Ariadna Foxworth,133
4663a01e-f84c-4514-9979-bccf928b12b9,Aurora Hernández García,169
79c9313e-0987-430d-8c0f-b96599004444,Alessia Wyndham,64
630735fe-bc4c-470f-9354-a27dfae7f045,Lluïsa Annabelle Flores,267
a76eaca3-4618-446e-8180-efd236c82de6,Lena Wellesley,258
066300ab-1a7b-4d33-92b7-37e865c603f8,Luna Réne,58
086ad82e-b09b-482d-9059-6a144536de4e,Ariel Pérez,232
8ff72b63-364b-402e-a641-79e6c5158dfd,Sofía Patricia Ramos,156
aaff7a24-742d-4e90-9240-98594bc21476,Sophie Renée Langley,174
0cea5b42-e724-4cab-a82b-4fd6ad069fe5,Alessandra Bassa,288
b6b1ee39-4154-4734-bce8-95aa74d09dce,Maria Solé,234
b1948e98-e330-4d55-aaeb-a0672ccfadc4,Elisabet Pujadas,115
55ab6aef-ea65-4f02-8204-2894e95f8373,Alejandra Carmen Ellis,154
34e82e42-f704-4f55-ada6-ee59162896a9,Alexa Santana Müller,12
faee80dd-a654-4695-868e-4ac7738fc116,Lluís Andrew Ford.,114
b5bdaad4-2b82-42ae-b150-fb575aa312f7,Lucia Ferrer-Guillem,87
26f5fe2d-021d-4e7f-a4a1-9f435eb3e04a,Lena Alexandra Weber,137
134d244c-67fa-4f26-9309-37cdccc16ebb,Sofía Elżbieta Vazquez,217
9045a8f9-9d18-433e-ae5c-ca25923ea818,Giovanna Sabatini,202
0d2525f8-a469-4132-b563-aae91c62b177,Sofía Alexandra Flynn,225
ea505627-22d2-4e3a-9cc5-143bc3afbc6b,Sofía Langston,50
0db12287-497f-4d7f-9844-82bde3eef3c0,Luna Ana Rodriguez,273
f0bb3c05-665e-4d13-bab6-5f95fd07d313,Alessia Ferrer Crespo,263
f8a1d73c-f060-4c92-8378-1eeeb691d1ae,Sophie Beaumont,147
2ce390e5-bc0d-4745-8555-f6ad124dae20,Sofia Evelyn Garcia,34
5d8c43e5-1565-4213-997a-060f9ed6a81d,Rylan Flynn Jameson,54
cfcd3ff6-e391-48d6-b136-e1298e71a7cb,Sofia Braun,207
f8464b68-156d-433b-85a9-19e5d39ce48a,Nina Hartmann,215
fc4237e6-8a83-4b04-879c-3f972f4d26df,Aurora Sanchez,39
86578406-5a70-43ea-8c7f-581a653824a6,Luna Maria Fransiska,240
c42f0772-1bf4-4d11-b7c5-578a42f0cfe5,Lluís Flynn,100
7ecef5c2-a218-4939-bb87-f4906c7da016,Alexandra Núria Gispert,176
64a501c1-0671-464e-8aff-9b5701a378fc,Sara Lluna García,59
7e8acf71-28d7-4b49-93fd-4cd6a0f57088,Anaís Schwarzwald,103
fe11aebc-ec3f-40b4-b55e-29c51fb16cbc,Aurora Lane,130
8acc2f69-f7ac-42d2-9a03-c0ad945cfaa2,Ava Riley Winston,233
71759dc6-4844-44ee-87cf-01824fe3fc4e,Isabel Elena Flores,30
014ba53f-12fd-4bc1-9930-79ad596ba087,Sofia Elena Moreno,4
301fbe04-ae20-4e03-ba8b-d88fa37e9109,Luz Amaryllis Carson,80
9a19793f-5570-49c2-b99b-9af7997c5f7c,Maria Elena Ramirez,256
e94ea71a-1629-403d-8049-99fcae69c9d9,Elsa Vidal,262
cb8559bd-1c73-4347-a72c-67f381605192,Meritxell Sorlí Morales,181
e55908ae-039b-47c2-8d0f-5d75dfc2b2fa,Elena Viviana Rosselli,36
21c87bbe-6544-41b9-8579-6e1105a7d8d4,Luzanna Windsor,61
17fcbef5-9565-48ef-bfd5-dcde8364dbe5,Luna Victoria Hansen,225
ccb14a88-6dfb-41e7-959f-af02dc19e36f,Katja Schnell,37
922fbb19-a524-4a34-87fc-480a42dd21a3,Luna Alexandra García,83
ddc43349-6d52-44ee-8bda-6ae74ef404c6,Evelyn Sawyer,190
5dfd0e2d-2e8b-437a-a972-993c2c1262e9,Isabella Santos,73
fd7e0121-107a-4e60-9272-7ec31bcec35f,Françoise Lucia von Alessandro,187
a1433150-a913-48c7-bcfc-c5657f42e5fa,Alba English Espinacelles,34
3a2d58aa-b04c-47d1-944a-1f40447c89d8,Alessia Rivera,39
d7eae49c-d9b8-4e70-b9fa-ba4413634ea1,Ana Sofia Ellis,10
ee7edb33-d432-4095-a2cf-eddc9383e916,Sònia Margaret Foster,211
3b6a5784-0962-400a-95fa-c42588651f4c,Sofía Reynolds,20
0aae380c-494a-4be1-86ae-0464a18b284f,Pau Costa i Fonts,116
8cc0004d-af23-48d2-82e6-6735fc5a8a6f,Pilar Rodríguez Español,237
394a0199-0640-4ccb-b7a5-6d7f496d4a25,Aurèlia Margarita Hartmann,236
ca0dfccf-5819-4419-9ab1-2cab701ddf46,Montserrat Casamitjana Vilarrasa,274
723fda22-2bf2-4a07-967d-9a92bc29ac06,Ashley Reynolds,100
a0593aae-bb8a-424d-8a5c-c65fc5f39c6a,Ava Sierra Rodriguez,17
287a9f93-75c6-4895-bd19-6a8389e6fd98,Anna Costa,33
2491aa2d-ee5a-42dd-b7e6-11a7e04cc78c,Aurélien Dubois,3
d5f400c4-2d30-4b37-a300-5b86c9fc3262,Aleixia Rose,58
770b43fd-913e-4782-8801-f7270c1056c8,Luisa Sophia Laurent,0
802d9737-2ea9-4131-9a00-310832f990a7,Ella von Strauss,88
b5a287ee-12f1-4fb7-a914-27175bb96faf,Sofía Rachel Thompson,69
8855e446-6cd8-4420-a1ee-6a40bea87eb1,Sònia Elise Enguidanos,122
74ea1f33-6480-4fd6-948f-6075989df566,Sofia Estela Farran,4
5343a14e-1149-4fdf-a6f7-ffd068f3ea06,Aurora Farnés,270
b82508d2-d6d6-4f3b-a5e6-98cfcb0a34d6,Céline Isabelle Reynolds,278
5dc34fef-46de-405c-8c8c-c227d87576ca,Aurora Reyes,199
4ea33b47-0f44-4d1e-a61a-7204d0b07166,Eva Llovera Santos,103
7c1643b8-3857-4c09-a979-9fc9a61785fe,Sienna Evelyn Warner,258
a3021cca-e34c-4791-9aa2-1de0cf5e36a6,Mercè Rovira Ferran,206
9033c80a-1edf-4591-a9a5-dc1193ac5976,Aurora Escandon,0
acf5e542-d40b-478a-92d7-e331a97c3efe,Sofía Elena García Moreno,183
f100ea8b-408a-4c21-9927-760c84fd6f36,Sofia Nadal.,91
63211456-0d32-46e8-9831-5fba64b0cf0a,Alexander Winston Flynn,111
57ed58b5-b2e4-471a-aaaa-36ed8c0bef4e,Pilar Vilardebo,116
9434b5fd-babd-455c-abde-ec764b05e47a,Antónia Gaspard,145
192a91c2-2ca7-4ccf-95ab-cca8e296d6cd,Maria Àngela Wilson,134
84c365cc-ad5a-4af2-be2e-eef8379c5d7a,Ana Leigh Sanchez,243
f8625914-4e93-42d0-864b-a0df38f85603,Alessandra González,193
fb3b12d3-1473-4609-b559-35ed3e2b201e,Sílvia Thompson,91
4955d74a-2e2a-4971-8f11-87606bfee32c,Aurèlia Langley,3
66af864a-330b-48ea-8260-e7803e3777d8,Sofia Rivière-Rojas,154
18c75be1-5d32-4405-9460-ddf2811668a9,Léonora Fèlix-Castel,53
899f85bb-6a05-4aa9-a3d6-b68d9e7ec2ce,Lorenzo Santos Rivera,271
033af7f0-6b3f-40d8-8e24-5aac8cfc8299,Sofía Rachel Grant,31
a82e8bf9-2c74-4afd-ba71-4526c73cc133,Eva Pagès,202
46c45c96-a708-465f-8bbc-30a40a98d0f6,Aurélien Wellesley,139
4773d247-252d-467f-be51-b391ba96d9d6,Ana Lucía Rodríguez Martínez,132
484a6bc5-49f9-46ce-a653-3a9dced131ed,Maya Rose Windsor,241
f9e8ef17-ac90-4525-a94d-d53138d30adb,Astrid Elsa Valencia,172
dea29315-7adc-40a0-8e37-f670b315a406,Elisabeth Kühnel,220
cd9b98a6-7cac-450c-a9aa-deb6a4edc539,I'd be delighted to introduce myself! My full name is Alexa Maria Santana.,45
cf82fba8-5162-4610-96cf-838eb8b011b6,Sofia Corbera,129
805502fa-304f-4465-85f3-736270fec2ac,Madeleine Rose Harris,24
4b691f47-3677-41d9-adb9-ae06d320aa98,Aurélien Santiago Ellis,192
eefa7c80-b8f2-4dae-9aa6-2cac951e7ade,Lena Rachel Schmidt,22
9918f963-ce08-483f-af14-359dce6c97b5,Sofia Adélaide Langley,98
47452e8d-06ed-41d1-b7be-97e5d21b9f2b,Alejandra Sureda,160
40377b40-9ff6-419c-b678-d60b4acbbb28,Alicia Sánchez,213
66e2c474-ac38-4b0f-a9a1-030ac5ed3e91,Lluïsa Santos Fleming,32
c877ced8-4145-46b1-baf6-beb6bdb64abe,Alessia Fiori,156
88405a3f-2454-4593-a5f8-9099215602dc,Maria Elise Gastón,81
0db64060-0ccd-412e-84c9-566f8e299fd7,Mariona Fleur Escandell,39
6bdc4a34-5b61-4ce2-95b5-efa7138b991b,Léa Montserrat Flynn,155
54abb52e-415c-498c-9ec9-82af3da1be4e,Marie-Cecilia Élan.,14
141e6274-1c50-4244-bb4a-22e11023e6a7,Léonie Sophia Wellesley,270
7b93006c-37a4-4d9c-b125-3b0c2fbcdc31,Mercè Vilarrasa,205
1dc72def-33c1-4051-8119-8d4bd17cac91,Evelyn Paige Thompson,14
ef12a15b-c5f9-437a-bf2f-441801549d55,Emilia Joy Wallace,283
284ca131-00f9-482f-bc15-61be71c46c42,Ana Luísa Costa Ferreira,161
7d7b599e-b081-476a-98b4-ee570b74ba7f,Evelyn Wynter,266
08cb0baf-62ca-4340-a04b-dfe405231d2d,Maya Lane,171
6e5e57da-1dea-4df2-8c82-4e6f96f8c322,Sofia Dupont,184
87f8d6c7-57e9-42a2-ac89-f6c291aa7b08,Evie Mayson,104
c8375f0e-fecd-4c63-931b-c1e8e29ab4e5,Astrid Santiago Rodríguez,75
23978b74-c2e6-4a86-bb10-fe3fd0c34b6f,Rebecca Thompson,137
410288c8-ed1e-41af-b7d1-6efc97ac1531,Sophie Winston,142
2ae94217-e747-4484-b262-05f15417ece6,Laurencia Blanchet-Foucher,109
4ae14b35-74b5-49d1-a50c-35cdcb639a39,Catherine Élise Dubois,93
0de76572-dd55-4b54-9bc2-95453c553a43,Lola Mòrnick,253
435aaa98-d532-4b9f-9fc2-e19781233c8b,Maya Alexis Warner,77
97bf55af-d233-419b-90ef-5e194c9e6d6c,Aurèlia Fadrique Dupont,181
2123e915-7c06-43af-995b-5373ee221672,Aurora English-Sanchez,9
f1934fe2-e739-42a7-81e4-b8c7cee25bcf,Astrid Samantha García,13
2d61e375-3ba5-485b-8d3e-a8bc62ccc20d,Maya Lauren Winters,266
44cb5269-9ab0-4745-b36f-e5e372a5bf71,Aurélien Rivera Castillo,40
5911f56c-c74c-4357-b14d-608fbcd30651,Ava Riley Ellis,120
beb56dd6-a44c-4f3e-8114-d93cbcf8207b,Luna Adèle Fletcher,140
fa0ea0a3-80bc-44fa-ad5f-0cf2417e7891,Ruby Paige Thompson,188
a9fec4fd-aac2-45a8-9b0d-0d34e96e7fef,Anna Sofia Montgomery,242
e0f9dba0-55be-4efe-aabc-af625af49142,Anaïs Schiller,14
e4a2ab9c-11c9-4cc9-a369-fb9b80fb6b95,Sònia Patricia James,266
19883ae9-9413-42f5-aae9-6d1b475ec880,Marta Rovira,180
20c4e8c9-4f85-4faf-960e-be0c11d7728d,Sofía María González,82
d66c4ac8-b1c8-43bf-8c01-06a8ed9e628c,Alejandra Nicole Elliott,115
7f8e3212-c4d6-4de0-83bb-24cdd504ed87,Sofía Anne Thompson,157
e9b5841d-09ee-4221-96a4-a43c54b93c69,Celia Pereira Silva,179
677ade8d-a933-4806-87a7-95a3289646cf,Amanda García,40
94d7f811-764b-4852-8dbd-7791ec425f2d,Aurélia Lucia Bennett,78
f2bbfc93-a257-4255-9736-cb472724b875,Marta Farré,186
4d04bced-5202-481f-9bbe-85449e23decf,Leticia Margarete Fontaner,68
9429de54-bb11-48a5-9b85-450b6c15167e,Sylvia Elena Bergmann,35
346d7e94-b3aa-4dac-bec6-7598a01b7a3a,Mercè Ferrer Gispert,218
c1d19c31-746e-4a4c-827f-c91c578cd0f0,Sofía del Carmen González,121
af546243-e6ed-4fbf-9079-75d7c00865b0,Isabella Sophia Moreau,141
2c123904-302c-4758-8196-45a1d49920dc,Sofía English Morales,232
45051b04-e092-46c7-b10a-9d574ebc4186,Alessia Feliu Moreno,83
00a24006-cb98-4dea-8750-52dcd93aac92,Lluís Finch,155
5adc5cd0-8a66-4b26-ae7e-ded70e95034e,Evie Rosewood,50
25116bed-68cd-406d-97c2-1bb6f99053eb,Ruby Elise Wainwright,157
b09c28ba-0982-4ffe-be0b-9503fc29318e,Luna Avery Foster,225
d5c1b5d5-b755-4078-bb30-c240dbc9819e, Aurélien Bouchard,260
7f94e0de-3154-4fb1-9dae-2291e620f488,Aurora Sofia Alessia Marino,177
ee258c30-5256-4d64-929f-caa30b4f322c,Lena Wagner,175
22be2ab6-d7eb-4cf2-8be8-7fd63c2f8fa3,Avery Winston,266
d4b8f6b2-16ed-46b0-b347-9e2ed5348611,Raquel Pujol,139
aac42a92-61d4-44b9-93e6-56ad6b575899,Lola Fernanda Torres,10
26d6e237-5a5e-4962-b863-3395ce81eef0,Alessia Rose Bennett,175
d94e6889-ef2a-4832-8a8f-98c283612eff,Ariel Alejandra Hernández,95
f6a63ca9-77e4-4854-8715-797d033a72b2,Aurélia Vitali-Montgomery,47
219a628c-6c56-475b-8650-f248ba770bc4,Sofia Elena Rodriguez,75
e1be33a6-1ace-4755-9d17-02ea1bcf7b9b,Lucas Reed,137
4b7e3308-e189-4dd8-824b-e9d612303f40,Zoë Émile-Linguate,63
1a22fa01-da83-43a7-af3c-d68ad1879a92,Céline Rivière,189
ee492bf5-2445-458a-b481-d6a27dd900bb,Liam Ryder,126
1a02b892-ed0e-41fb-88b6-d09666940606,Odette Langley,33
c33e3761-8632-4609-82a6-5d954f5f1e5a,Aurèlia Sofia Elliot,110
ef56c197-2326-4cfd-8f59-c790d1180244,Aurélien Spencer Rodriguez,1
fd49cf7a-cb3d-4a12-85ca-8a9747d3277e,Maria Pla Serrat,178
6c5c86e4-5832-443d-8745-8c7eff519e42,Sofía Rae Johnson,109
14a35956-50f4-4a20-b86b-7e85301d2945,Aurora Rodríguez,226
915adc64-246a-47cc-ad66-544fed06a917,Luisa Braunfort.,213
4bbdfb1a-3194-4ab0-8fbf-45e1db801da0,Ana Luisa Ellis,109
aa325f2b-6a65-41c8-a8a4-d240ae699a37,Ana Lisa Rodriguez,199
2d5c0c44-d8e4-48a3-9323-2c0a5c48c9f4,Ava Elena Rodriguez,41
7509f71f-9d3a-4ada-b1f5-ebce1a58c785,Alba Estela Thompson,179
853cc2c7-6c3b-407f-9ce1-da5e9e8616d8,Alessandra Rossellini,95
85a9b907-35cc-4c11-9ac1-2354416f4e6e,Sònia Elisabeth Forbes,254
376eaee1-8176-44d2-892a-d7f329a93fc9,Mariona Elena White,200
abb4427c-6e95-489c-8a2e-e2540a8e1955,Aurora Elena Reynolds,144
22a6b0e5-fd1f-4623-bfa9-65d27bd7aa5e,Léonie Rives-Piqué,65
b5902f6d-b81d-45c4-ae5c-b36bba3f2833,Alessandra Paige.,283
1847b67d-d904-4cbe-b829-eeab07d1c27a,Ariadna Elizabet Harrison,100
64884327-0103-40e4-9c15-e0d6aa35ba84,Ana-Sophia Wagner,85
a887d6e4-99b9-42ec-98cb-71e250a17da3,Alejandra Porter-Silva,131
daf6ddb5-c1d0-4cd9-9d3e-381345e62dcc,Elodie Prous,92
d36c0f32-8b32-460d-a2e8-042dd624d9d3,Ana Sofia Marquez,183
d6b6dbeb-b579-41de-b8a7-985def933b54,Ana-Katharina Ferrer,35
b24e9547-dfd1-4275-864d-3016b6d1e833,Mara Esteve,185
d1cf429b-4101-4d2d-8062-07b25ed9c2cc,Sophie Roussel,161
b3a87569-5d82-4f13-87c4-682e036711d1,Luna Marí Simmons,219
0cc72e8b-cf50-44c2-8512-7fffc8561916,Alexandra Sàlvo,194
91bd93ce-c465-4b4f-a01d-54d701a72613,Aurora Santos Rodriguez,109
60786ecf-998f-416f-b89f-f8e6f1a75533,Ashley Thompson,125
d5f66576-1666-48fc-8c0d-1f1887b58aa2,Isabelle Cochet,224
38a06050-e1cd-49f6-81f7-506b41143c62,Evelyn Reed,172
ffd5f92d-5208-4c9f-bae5-c9598a6e2e32,Anaïs Sofía Ingram,18
54e5840a-f564-4cf3-adbf-04d810037257,Luna Évelyn,285
bc18d6a8-769b-4571-90d2-366066fc2411,Zarina Rodriguez,47
15fd1049-8aa0-4bfb-8d7e-de37ddb135e9,Maria Isabella Flores,85
10f198b3-12f5-4f9d-9f8f-364c1409c34a,Ava Rose Windsor,230
14cfc8e2-b390-4a64-b273-1432d2ad6eec,Lara Maria Fiorenzi,71
1b12d6d7-3755-49a5-9c33-baf5a6fd8dfe,Núria Sònia Bassa,214
ae06295e-fcf7-4899-9710-f6febf3cb40b,Mercè Thompson,240
ded910dd-aef5-4963-bcdb-c311d15d3543,Maria Claudia Kaiser,230
464accd9-919f-4f86-b1af-a730553bdbb6,Sofía Anne Kramer,90
60762f08-67a9-4787-bc42-8b90d2d75e79,Emily Wilder,38
2dae0fba-0022-455e-9f84-8be336617975,Lily González,21
d9007ba8-ae61-4f4a-bfa7-04950fa4599d,Aina Elisabet Fernández,72
e147a613-5f64-4389-8eda-3d38ef6b90b6,Lorenzo Vasquez,248
f11e4732-0394-4769-87df-f199222f24db,Elena Fiorentina Muntadas,221
9fad6285-a0bd-44e8-ba7a-da1beadcb432,Laia Balmón,276
091eabce-6765-44e7-9acf-a16d604ffd69,Emily Winters,99
890d188e-519c-4b67-a5bb-f473a23a9dbb,Louna Marcelle Rousseau,166
7ebaf843-5532-4f42-90e1-2a08f6592fd8,Sabina Moreno,32
ea92e163-f6a4-48f8-a3bf-d25d640437ba,Aurélien Ferrer,118
28aa8f11-97cb-4b5c-ae38-e78def28dde8,Sofia Estrada,121
82276c11-7f67-483e-9ad8-5468dd56bc68,Evelyn Dupont,24
d69a0019-6a2f-415b-a5cb-4a1c2ad7f2a0,Sofía Renee Flynn,152
e7084474-7abe-4cb9-9680-910fbeddbba1,Aurélien García Fleming,283
4e0cd1ec-a1c0-4b66-a5d4-8403d4a6157d,Alejandra Pérez,215
d484f63f-f189-47b3-9a3c-5c61c010670c,Sofia Elizabeth García,15
c07f68f5-bceb-4729-9e34-b0e0165f1009,Àngela Elena English,131
2c750272-4402-4f14-b465-48366a76cee9,Anaïs Marisa Jennings,222
bc28bf51-0e44-4535-9116-65b0eddbc8ee,Ariane Font-Rosa,190
4ce18e0a-e4a1-40de-ad15-23c00cce7cf3,Ashley Emily Wynter,265
64af02ae-e8bf-42fc-bfc3-0a6e996e3ef6,Sofia García,284
5c2a03a7-de1d-4fd0-a5d6-7238df1997d3,Sofía Rodríguez Morales,216
c4e2feb7-5aeb-40eb-b633-2507c9c7844e,Mercè Vidal Ribas,279
e33454f3-5233-4c28-81ec-b15a2fcdd9c9,Sol Llorens.,58
c5b2eb54-a02e-4a93-8acb-cd1664c19fae,Sofia García Rodriguez,138
235461b9-a552-4b21-b57e-76cd9d1ea7b0,Astrid Saint-Louis,69
12a2bd27-0b1c-4037-ad8e-a1380ff17499,Sofia Rodríguez-Martínez,208
e5278b16-0270-4b3e-bb32-8a6299875518,Aurélia Elena English,42
11981baf-12bb-46d8-8069-d58815c9913b,Sophia Devi,19
b872aa0e-462d-43df-a431-c14b8ac60b05,Aurora Bianchi,234
074ec95d-35e9-492e-8bc1-1b15b3def11d,Anaïs Delphine Rodriguez,135
94498dee-1db7-4bd8-9515-0d5c08864c26,Sofia Luna,223
e2765a27-7bc1-4ac1-979e-cfc1f9c561b1,Sofía Paige Harris,235
8a2d7a2a-43b9-4b30-b33a-c1396e68f8c5,Alexandra Estela Flores,45
d6d389ca-d401-4b8d-8776-fc8054fe390a,Sophia Lingua,101
7d42cbbb-3042-483c-83b1-35f2680278f7,Alessia Margarete Winters,284
6246a217-1fd9-4c1d-a774-8438b0460b51,Alejandra Elizabeth Taylor,255
9fc5b668-222a-4adf-b4f7-c39f633d026d,Sofía Alejandra Marín.,277
766c6216-d518-4af7-b02a-d1d3e7ece80d,Sònia Engel Finch,199
e44f95a9-67e5-46fb-83da-f35d1753fcf7,Sofía Anne Richardson,21
a272eacd-80f4-4110-94a4-1a261e32a766,Luciana Maria Flynn,9
4ce866f1-30a6-4921-b261-94ce683980d2,Ava Elizabeth Wells,53
b701ca58-ab83-4ed3-a55e-4607e4c6fd99,Sílvia Rosa Englisher,134
7c828a53-39c3-4b9e-a244-3a8939ba9c9d,Elisabetta Giacomelli,173
5ecd7662-6ad8-44b9-b2c2-c07d18d6f200,Astrid Élodie Langley,78
1a483407-766d-4a2c-869b-a881bbb3790f,Sofía Schneider,269
02e9274a-d8a0-4958-819c-778450fd8fc3,Aurélien Bianchi Ramirez,129
eac46519-32c2-4fde-b6f9-43f45e78d1da,Ana Pujol,232
5a8e289d-f3b8-41b6-a07a-38f23af5be66,Rina Špačková,94
2c1a2c01-5a22-4307-9c58-af762de44458,Carla Estela Moreau,282
cef5c6f3-3f95-4b57-9df0-7cfea70e82d4,Ana Paula Fraser,194
ecad5532-725c-40f4-b392-2920af68dde5,Rafael Alejandro Silva,249
384cb690-5675-4fbf-820c-8e3e4faf6288,Viviane Marçal García,23
b8acb1f0-b6e3-4639-b3f1-f92e76d39c99,Leilani Nguyen,114
51ba8c54-2dd4-48e3-a559-dd4a6f3d936a,Mirella Baudouin-Saldaña,126
42886162-6fbf-43c9-bfb2-e818baa49b5c,Maria Soler,251
c543139e-e925-42a6-a37c-5f85b73fa9c9,Montserrat Langley,35
8c21f688-0a8b-464f-a124-dcdcf5936d35,Aurélien English,118
8a354d53-8533-4a75-96d9-5fb93ce2019d,Alessia Victoria Langley,174
856417a4-f566-4dd9-ac0f-c08e7b684229,Evelyn Isabelle Dupont.,90
6f70655a-5252-494d-b1e1-1c7e1cdc3e2b,Aurora Ferran Langley,268
e3b3e2d4-dda6-436e-86ce-3997797ed098,Sofía López Martínez,226
d44fbb0b-7021-473a-b4ae-3e65c1cdac37,Ana Elena Brooks,107
5000a080-f18b-476d-ba99-cdc3b82fd68c,Sierra Ryder,282
812aa441-de36-46a1-9534-ebfc6e6d2cca,Luna Alejandra Cruz,210
7ee2db89-b197-4456-a638-272e5db8dcfb,Evangelina Wellesley,102
693b166d-5e14-4e1a-bc2d-561d6f67beb6,Luisa Rodriguez,231
47aa81aa-04b6-4ed6-8b73-3089e452f9fa,Sofía Emerson,148
4d684a67-16c4-4b85-bbd7-f20c10bdf09c,Aurora Sofia Rodriguez,48
fb9ecd86-1d6a-41dc-9cb8-90a740dcb866,Sofía Rodríguez Martínez,236
4b162dab-6695-44fc-a00f-ad07273ca43c,Lucia Sofia Bianchi,139
4298f2c6-1724-4740-b999-8f5b859d7882,Elísabet Climent,2
9bc0c7bf-9072-45f6-a9db-6215e3385228,Aurélie Eliza Foster,31
baa3075c-345f-4b20-8278-47d148f802a7,Meritxell Pujol Ribas,142
bfe1674f-aa7f-4baf-b1b5-49924aa6ccbb,Alexandra Wellesley,80
2c74259c-4128-43f1-b7af-b460e1d82785,Ariadna Baines,7
9dd6a4e4-3114-4355-970d-cb3bc465ccc8,Ariel Santana,36
10b688f1-4cc0-4e66-9814-fc539017b841,Sophia Alba Weiß,190
2e514fdc-103e-4dac-8d73-fa3379f08fe0,Nerea Patricia Fleming,140
1658ba11-3b09-4284-9436-7878d0a060b8,Sofia Ribas.,228
c13483bf-d6ca-41ec-a6b6-37e8574f69af,Eva Martínez García,210
d7bf4789-1e91-4200-9014-d57a150a5dda,María Sofía García,250
b46e2022-43c7-4f22-8e78-d9893713e87a,Mariona Everett,253
b4645bb0-74e2-4109-84a0-7888f2b7a2e0,Aurora Valencia,75
e0cb7e1f-b8c1-4a43-b961-c88d35be1e9c,Ava Langford,33
7e795c48-af26-418c-bcca-63ba54afeaa3,Lilou Rivière,37
b6151cf6-2aee-4432-b137-ae8d76b47c19,Luisa Wagner,189
2ded8b20-346e-4d31-9a5c-11e0b1e7a98b,Ana Isabel Montenegro Silva,136
d36a33da-8746-4c60-9517-71e2228c0cfd,Luciana Rosa Edwards,23
4461493e-5cc2-4309-b3bf-ff33fef43f5c,Evelyn Sophia Winchester,62
966ec421-011e-46bd-a804-06e49260c676,Aurélie Englishwood,155
930fca78-a2ac-4aec-9afd-f477947c99a9,Sofía Estela García,42
96a87786-8cce-40b5-8540-27df207e7a97,Alejandra Rose Ventura,50
db286c2f-3260-41d7-9cce-8b91f4d338cc,Sofía Anne Flynn,43
d95659ab-ee99-45a2-bfc1-aca8bfca4359,Ariadna Maria English,126
d93bdd74-82d9-4c01-82ce-f6b31b178b3a,Alejandro Vicens,54
874c103e-28ed-47d9-a997-67c467c53c41,Akira Miyamoto,245
cf9023f4-dafe-4ceb-b720-ec2ae6ecb789,Arià Sutherland,29
b93b02c6-f5ab-41da-a675-ffb1e9255f52,Leilani Élise Francalatte,70
1b807bdc-204a-425e-b924-48530ee87c4d,Emilie Langley,4
177a9e72-f0fe-4829-bd5f-158350cb5cd9,Vilmarita Esteban Moreno,103
261b28dd-300e-4e38-b979-19becbda3dd9,Aurélien Fraser,147
bb15136b-8800-4723-a5f8-158506918a39,Sophie Lane,57
7b6f0a99-669f-4fc5-9f11-dce3426ca71c,Lívia Feliu González,191
c878a7c1-5901-4239-9fc9-48c40730d678,Evelyn Rose Winters,111
2b5a825a-82d3-46d1-8238-bc9f9838b432,Lukas Weber,123
fb2dc98a-5b38-46d6-9867-88f8f35b4f15,Aurélie Elena Langley,204
d80de791-fd9f-4957-b2c8-0fd21cf88a43,Emmanuelle Corbès,25
d890da31-6a39-4f5d-8101-4d818e5284fb,Solène López García,244
1494ee84-a34d-432e-aefd-d159f61b7b4a,Rita Silva,64
a86ec49c-5e47-4434-bfd0-50dbc4f33e15,Evelyn Thompson,34
9df2bd03-e5e9-4a92-833f-5b51ae109ee3,Emily Rose Wiley,211
c8dc1b17-4c27-44f2-aed7-b470a703bb72,Núria Soriano García,69
654ad47a-47eb-4612-a32c-7906f5783240,Luna Sousa,170
22097206-77f2-481e-b430-bf9de58c6a35,Agnieszka Sofia Singh,60
0fe18376-770f-4893-8f42-4872d1545c6e,Aurora Valentino,200
522025a1-ffea-4cd9-8836-04bc06770a6f,Solène Maricela Rodríguez,184
8d396cd8-3bc0-4097-94d3-50d34a692b92,Lena Rosemond,205
9e034cf8-caeb-4230-b5d4-756083080541,Rosa Pujol Estivill,84
5c2e3284-8a4a-4c66-af74-c693515be182,Rebecca Jane Wilson,126
7c80302d-1184-4b32-8221-ee8737989df3,Alisha Kurosawa,93
